id,first_name,last_name,email,gender,ip_address
1,Morrie,Volett,mvolett0@squarespace.com,Male,85.80.229.90
2,Robb,Nowell,rnowell1@freewebs.com,Male,42.182.149.73
3,Roxanne,Coughtrey,rcoughtrey2@dedecms.com,Female,107.184.30.6
4,Mickie,Skally,mskally3@sogou.com,Female,234.217.107.133
5,Otho,Ramme,oramme4@imdb.com,Male,15.119.197.39
6,Mikael,Butcher,mbutcher5@un.org,Male,253.161.106.77
7,Eberto,Geare,egeare6@blog.com,Bigender,185.187.69.202
8,Blythe,Wynes,bwynes7@epa.gov,Female,168.126.166.94
9,Aubrie,Baythrop,abaythrop8@wiley.com,Female,208.169.184.36
10,Naoma,La Rosa,nlarosa9@who.int,Genderqueer,186.79.27.94
